Function,Dimension,Run,Error
1,10,1,0.00000000e+00
2,10,1,0.00000000e+00
3,10,1,0.00000000e+00
4,10,1,0.00000000e+00
5,10,1,0.00000000e+00
6,10,1,9.81242274e+00
7,10,1,8.91540898e-06
8,10,1,2.04140756e+01
9,10,1,3.50578352e+00
10,10,1,0.00000000e+00
11,10,1,0.00000000e+00
12,10,1,1.99160594e+00
13,10,1,1.03589279e+00
14,10,1,0.00000000e+00
15,10,1,3.97937679e+02
16,10,1,2.05303173e-01
17,10,1,1.01224167e+01
18,10,1,1.40598474e+01
19,10,1,2.37183045e-01
20,10,1,2.31512187e+00
21,10,1,4.00193867e+02
22,10,1,1.00000000e+02
23,10,1,8.44316731e+01
24,10,1,2.06708009e+02
25,10,1,2.00000000e+02
26,10,1,1.01992105e+02
27,10,1,3.00000000e+02
28,10,1,3.00000000e+02
1,10,2,0.00000000e+00
2,10,2,0.00000000e+00
3,10,2,0.00000000e+00
4,10,2,0.00000000e+00
5,10,2,0.00000000e+00
6,10,2,9.81242274e+00
7,10,2,3.55722682e-07
8,10,2,2.00461055e+01
9,10,2,1.85727984e+00
10,10,2,9.85728461e-03
11,10,2,0.00000000e+00
12,10,2,1.99499674e+00
13,10,2,3.01142645e+00
14,10,2,0.00000000e+00
15,10,2,4.11438121e+02
16,10,2,1.46192186e-01
17,10,2,1.01224167e+01
18,10,2,1.45602978e+01
19,10,2,2.68632440e-01
20,10,2,1.69328250e+00
21,10,2,4.00193867e+02
22,10,2,5.01559266e+00
23,10,2,2.81070715e+02
24,10,2,2.06789793e+02
25,10,2,2.00000000e+02
26,10,2,2.00017385e+02
27,10,2,3.00000000e+02
28,10,2,3.00000000e+02
1,10,3,0.00000000e+00
2,10,3,0.00000000e+00
3,10,3,0.00000000e+00
4,10,3,0.00000000e+00
5,10,3,0.00000000e+00
6,10,3,0.00000000e+00
7,10,3,2.85597728e-06
8,10,3,2.00422401e+01
9,10,3,3.02405335e+00
10,10,3,0.00000000e+00
11,10,3,0.00000000e+00
12,10,3,2.99650971e+00
13,10,3,9.99526248e-01
14,10,3,0.00000000e+00
15,10,3,4.22183311e+02
16,10,3,4.06398690e-01
17,10,3,1.01224167e+01
18,10,3,1.55609143e+01
19,10,3,2.80510237e-01
20,10,3,1.95915348e+00
21,10,3,4.00193867e+02
22,10,3,5.01559266e+00
23,10,3,3.27036739e+02
24,10,3,2.00000000e+02
25,10,3,2.00000000e+02
26,10,3,1.02984879e+02
27,10,3,3.00000000e+02
28,10,3,3.00000000e+02
1,10,4,0.00000000e+00
2,10,4,0.00000000e+00
3,10,4,0.00000000e+00
4,10,4,0.00000000e+00
5,10,4,0.00000000e+00
6,10,4,0.00000000e+00
7,10,4,3.61838203e-07
8,10,4,2.03416097e+01
9,10,4,3.42049081e+00
10,10,4,0.00000000e+00
11,10,4,0.00000000e+00
12,10,4,9.95484795e-01
13,10,4,2.23476559e-02
14,10,4,6.24544410e-02
15,10,4,2.89600361e+02
16,10,4,2.58232121e-01
17,10,4,1.01224167e+01
18,10,4,1.37979178e+01
19,10,4,2.81600785e-01
20,10,4,1.81937326e+00
21,10,4,4.00193867e+02
22,10,4,5.01559266e+00
23,10,4,3.00473945e+02
24,10,4,2.00000000e+02
25,10,4,2.04540090e+02
26,10,4,1.03000905e+02
27,10,4,3.00000000e+02
28,10,4,3.00000000e+02
1,10,5,0.00000000e+00
2,10,5,0.00000000e+00
3,10,5,0.00000000e+00
4,10,5,0.00000000e+00
5,10,5,0.00000000e+00
6,10,5,9.81242274e+00
7,10,5,2.76419133e-08
8,10,5,2.04320681e+01
9,10,5,3.00468457e+00
10,10,5,2.94982417e-02
11,10,5,0.00000000e+00
12,10,5,1.02010273e+00
13,10,5,1.48578358e+00
14,10,5,6.24544410e-02
15,10,5,2.59342268e+02
16,10,5,1.44515426e-01
17,10,5,1.01224167e+01
18,10,5,1.38479879e+01
19,10,5,1.63042908e-01
20,10,5,1.57342363e+00
21,10,5,4.00193867e+02
22,10,5,5.01559266e+00
23,10,5,3.67525219e+01
24,10,5,2.06625853e+02
25,10,5,2.00000036e+02
26,10,5,2.00017385e+02
27,10,5,3.00000000e+02
28,10,5,3.00000000e+02
1,10,6,0.00000000e+00
2,10,6,0.00000000e+00
3,10,6,0.00000000e+00
4,10,6,0.00000000e+00
5,10,6,0.00000000e+00
6,10,6,9.81242274e+00
7,10,6,0.00000000e+00
8,10,6,2.02607490e+01
9,10,6,2.04455376e+00
10,10,6,0.00000000e+00
11,10,6,0.00000000e+00
12,10,6,9.99220131e-01
13,10,6,1.99752851e+00
14,10,6,0.00000000e+00
15,10,6,3.09710737e+02
16,10,6,2.81241853e-01
17,10,6,1.01224167e+01
18,10,6,1.31615084e+01
19,10,6,2.49766791e-01
20,10,6,1.75425071e+00
21,10,6,4.00193867e+02
22,10,6,0.00000000e+00
23,10,6,4.64742506e+02
24,10,6,2.00000000e+02
25,10,6,2.00000000e+02
26,10,6,1.02990705e+02
27,10,6,3.00000000e+02
28,10,6,3.00000000e+02
1,10,7,0.00000000e+00
2,10,7,0.00000000e+00
3,10,7,0.00000000e+00
4,10,7,0.00000000e+00
5,10,7,0.00000000e+00
6,10,7,0.00000000e+00
7,10,7,1.21684148e-05
8,10,7,2.00000002e+01
9,10,7,3.10234062e+00
10,10,7,0.00000000e+00
11,10,7,0.00000000e+00
12,10,7,2.00008372e+00
13,10,7,1.01105180e+00
14,10,7,6.24544410e-02
15,10,7,4.03112731e+02
16,10,7,3.33871772e-01
17,10,7,1.01224167e+01
18,10,7,1.34715112e+01
19,10,7,2.26321216e-01
20,10,7,1.76019244e+00
21,10,7,4.00193867e+02
22,10,7,1.42990787e+01
23,10,7,3.62619961e+02
24,10,7,2.06945103e+02
25,10,7,2.00000000e+02
26,10,7,1.02010268e+02
27,10,7,3.00000000e+02
28,10,7,3.00000000e+02
1,10,8,0.00000000e+00
2,10,8,0.00000000e+00
3,10,8,7.13568292e-02
4,10,8,0.00000000e+00
5,10,8,0.00000000e+00
6,10,8,0.00000000e+00
7,10,8,1.51281422e-06
8,10,8,2.01434102e+01
9,10,8,3.13995505e-01
10,10,8,0.00000000e+00
11,10,8,0.00000000e+00
12,10,8,2.98487717e+00
13,10,8,1.00136851e+00
14,10,8,0.00000000e+00
15,10,8,2.29051878e+02
16,10,8,6.80162902e-02
17,10,8,1.01224167e+01
18,10,8,1.67826709e+01
19,10,8,2.59375894e-01
20,10,8,1.50382096e+00
21,10,8,4.00193867e+02
22,10,8,0.00000000e+00
23,10,8,4.60486348e+02
24,10,8,2.00000000e+02
25,10,8,2.00000000e+02
26,10,8,1.01989919e+02
27,10,8,3.00000000e+02
28,10,8,3.00000000e+02
1,10,9,0.00000000e+00
2,10,9,0.00000000e+00
3,10,9,0.00000000e+00
4,10,9,0.00000000e+00
5,10,9,0.00000000e+00
6,10,9,0.00000000e+00
7,10,9,8.88454331e-06
8,10,9,2.02501037e+01
9,10,9,2.09179321e+00
10,10,9,0.00000000e+00
11,10,9,0.00000000e+00
12,10,9,1.99781222e+00
13,10,9,3.12778329e+00
14,10,9,0.00000000e+00
15,10,9,2.74783365e+02
16,10,9,1.45584964e-01
17,10,9,1.01224167e+01
18,10,9,1.43899797e+01
19,10,9,2.63243857e-01
20,10,9,1.12855857e+00
21,10,9,4.00193867e+02
22,10,9,8.84176573e+00
23,10,9,1.65212437e+02
24,10,9,2.00000000e+02
25,10,9,2.00000000e+02
26,10,9,1.02984887e+02
27,10,9,3.00000177e+02
28,10,9,3.00000000e+02
1,10,10,0.00000000e+00
2,10,10,0.00000000e+00
3,10,10,0.00000000e+00
4,10,10,0.00000000e+00
5,10,10,0.00000000e+00
6,10,10,9.81242274e+00
7,10,10,0.00000000e+00
8,10,10,2.02844449e+01
9,10,10,3.52706947e+00
10,10,10,7.39604033e-03
11,10,10,0.00000000e+00
12,10,10,1.98991811e+00
13,10,10,9.95691659e-01
14,10,10,0.00000000e+00
15,10,10,4.44537170e+02
16,10,10,3.84132280e-01
17,10,10,1.01224167e+01
18,10,10,1.44462252e+01
19,10,10,2.25011167e-01
20,10,10,2.67341503e+00
21,10,10,4.00193867e+02
22,10,10,5.01559266e+00
23,10,10,2.53872861e+02
24,10,10,2.06789793e+02
25,10,10,2.00000000e+02
26,10,10,2.00017385e+02
27,10,10,3.00000000e+02
28,10,10,3.00000000e+02
1,10,11,0.00000000e+00
2,10,11,0.00000000e+00
3,10,11,0.00000000e+00
4,10,11,0.00000000e+00
5,10,11,0.00000000e+00
6,10,11,0.00000000e+00
7,10,11,3.55066536e-06
8,10,11,2.00000000e+01
9,10,11,1.67832085e+00
10,10,11,0.00000000e+00
11,10,11,0.00000000e+00
12,10,11,2.99435910e+00
13,10,11,1.00744122e+00
14,10,11,1.24908882e-01
15,10,11,4.71115562e+02
16,10,11,4.53970265e-02
17,10,11,1.01224167e+01
18,10,11,1.48908479e+01
19,10,11,2.07977845e-01
20,10,11,2.58028337e+00
21,10,11,4.00193867e+02
22,10,11,1.03113850e+01
23,10,11,3.89038355e+02
24,10,11,2.00000000e+02
25,10,11,2.00000000e+02
26,10,11,1.02985987e+02
27,10,11,3.00000000e+02
28,10,11,3.00000000e+02
1,10,12,0.00000000e+00
2,10,12,0.00000000e+00
3,10,12,0.00000000e+00
4,10,12,0.00000000e+00
5,10,12,0.00000000e+00
6,10,12,9.81242274e+00
7,10,12,1.26199873e-05
8,10,12,2.00000000e+01
9,10,12,2.74404367e+00
10,10,12,1.23209889e-02
11,10,12,0.00000000e+00
12,10,12,1.00132329e+00
13,10,12,9.95662167e-01
14,10,12,0.00000000e+00
15,10,12,2.72100777e+02
16,10,12,3.59075579e-01
17,10,12,1.01224167e+01
18,10,12,1.40433288e+01
19,10,12,2.45682385e-01
20,10,12,3.14542157e+00
21,10,12,4.00193867e+02
22,10,12,0.00000000e+00
23,10,12,1.21835978e+02
24,10,12,2.00000000e+02
25,10,12,2.00000000e+02
26,10,12,1.01990651e+02
27,10,12,3.00000000e+02
28,10,12,3.00000000e+02
1,10,13,0.00000000e+00
2,10,13,0.00000000e+00
3,10,13,0.00000000e+00
4,10,13,0.00000000e+00
5,10,13,0.00000000e+00
6,10,13,0.00000000e+00
7,10,13,1.21501048e-05
8,10,13,2.01009193e+01
9,10,13,9.83955557e-01
10,10,13,0.00000000e+00
11,10,13,0.00000000e+00
12,10,13,1.98991811e+00
13,10,13,4.52634830e-03
14,10,13,6.24544410e-02
15,10,13,3.12262949e+02
16,10,13,4.81809758e-01
17,10,13,1.01224167e+01
18,10,13,1.20589117e+01
19,10,13,2.25859835e-01
20,10,13,1.24227772e+00
21,10,13,4.00193867e+02
22,10,13,0.00000000e+00
23,10,13,1.49501415e+02
24,10,13,2.00000000e+02
25,10,13,2.00000000e+02
26,10,13,1.04974796e+02
27,10,13,3.00000000e+02
28,10,13,3.00000000e+02
1,10,14,0.00000000e+00
2,10,14,0.00000000e+00
3,10,14,0.00000000e+00
4,10,14,0.00000000e+00
5,10,14,0.00000000e+00
6,10,14,0.00000000e+00
7,10,14,1.23771703e-05
8,10,14,2.04093676e+01
9,10,14,3.49214642e+00
10,10,14,0.00000000e+00
11,10,14,0.00000000e+00
12,10,14,1.99195977e+00
13,10,14,1.99173517e+00
14,10,14,1.24908882e-01
15,10,14,2.96263985e+02
16,10,14,1.57748545e-01
17,10,14,1.01224167e+01
18,10,14,1.38981151e+01
19,10,14,2.13618825e-01
20,10,14,2.14563989e+00
21,10,14,4.00193867e+02
22,10,14,5.01559266e+00
23,10,14,1.94278859e+02
24,10,14,2.06789793e+02
25,10,14,2.00000000e+02
26,10,14,1.30884536e+02
27,10,14,3.00000000e+02
28,10,14,3.00000000e+02
1,10,15,0.00000000e+00
2,10,15,0.00000000e+00
3,10,15,0.00000000e+00
4,10,15,0.00000000e+00
5,10,15,0.00000000e+00
6,10,15,0.00000000e+00
7,10,15,0.00000000e+00
8,10,15,2.00463727e+01
9,10,15,3.73861732e+00
10,10,15,9.85728461e-03
11,10,15,0.00000000e+00
12,10,15,2.99302428e+00
13,10,15,9.96969914e-01
14,10,15,6.24544410e-02
15,10,15,2.63337281e+02
16,10,15,3.14464587e-01
17,10,15,1.01224167e+01
18,10,15,1.38372143e+01
19,10,15,1.30211322e-01
20,10,15,1.93997588e+00
21,10,15,4.00193867e+02
22,10,15,8.29077680e+00
23,10,15,2.16299571e+02
24,10,15,2.00000000e+02
25,10,15,2.00000000e+02
26,10,15,1.02991866e+02
27,10,15,3.00000000e+02
28,10,15,3.00000000e+02
1,10,16,0.00000000e+00
2,10,16,0.00000000e+00
3,10,16,0.00000000e+00
4,10,16,0.00000000e+00
5,10,16,0.00000000e+00
6,10,16,0.00000000e+00
7,10,16,1.59491109e-04
8,10,16,2.00405895e+01
9,10,16,1.71398107e+00
10,10,16,0.00000000e+00
11,10,16,0.00000000e+00
12,10,16,1.99245603e+00
13,10,16,1.08233985e-02
14,10,16,0.00000000e+00
15,10,16,4.67793302e+02
16,10,16,3.10140606e-01
17,10,16,1.01224167e+01
18,10,16,1.49806817e+01
19,10,16,2.39146010e-01
20,10,16,1.72498388e+00
21,10,16,4.00193867e+02
22,10,16,5.01559266e+00
23,10,16,1.88627564e+02
24,10,16,2.10079595e+02
25,10,16,2.00000000e+02
26,10,16,1.02019630e+02
27,10,16,3.00000000e+02
28,10,16,3.00000000e+02
1,10,17,0.00000000e+00
2,10,17,0.00000000e+00
3,10,17,0.00000000e+00
4,10,17,0.00000000e+00
5,10,17,0.00000000e+00
6,10,17,0.00000000e+00
7,10,17,2.67498856e-08
8,10,17,2.03616166e+01
9,10,17,3.22275889e+00
10,10,17,1.72361119e-02
11,10,17,0.00000000e+00
12,10,17,1.98991811e+00
13,10,17,1.99379653e+00
14,10,17,1.24908882e-01
15,10,17,5.31621318e+02
16,10,17,0.00000000e+00
17,10,17,1.01224167e+01
18,10,17,1.26076495e+01
19,10,17,1.82755277e-01
20,10,17,1.53086418e+00
21,10,17,4.00193867e+02
22,10,17,0.00000000e+00
23,10,17,3.58550082e+02
24,10,17,2.06294275e+02
25,10,17,2.00000000e+02
26,10,17,1.49747953e+02
27,10,17,3.00000000e+02
28,10,17,3.00000000e+02
1,10,18,0.00000000e+00
2,10,18,0.00000000e+00
3,10,18,0.00000000e+00
4,10,18,0.00000000e+00
5,10,18,0.00000000e+00
6,10,18,0.00000000e+00
7,10,18,7.50051636e-05
8,10,18,2.00874822e+01
9,10,18,3.16791396e+00
10,10,18,0.00000000e+00
11,10,18,0.00000000e+00
12,10,18,2.99662425e+00
13,10,18,1.02929298e+00
14,10,18,6.24544410e-02
15,10,18,1.67450103e+02
16,10,18,1.20436613e-01
17,10,18,1.01224167e+01
18,10,18,1.60019087e+01
19,10,18,2.31094722e-01
20,10,18,1.97631655e+00
21,10,18,4.00193867e+02
22,10,18,0.00000000e+00
23,10,18,3.57469277e+02
24,10,18,2.05842795e+02
25,10,18,2.00000000e+02
26,10,18,1.02998654e+02
27,10,18,3.00000000e+02
28,10,18,3.00000000e+02
1,10,19,0.00000000e+00
2,10,19,0.00000000e+00
3,10,19,0.00000000e+00
4,10,19,0.00000000e+00
5,10,19,0.00000000e+00
6,10,19,9.81242274e+00
7,10,19,2.95507742e-08
8,10,19,2.00000000e+01
9,10,19,1.44324522e+00
10,10,19,0.00000000e+00
11,10,19,0.00000000e+00
12,10,19,9.96935842e-01
13,10,19,2.13804044e+00
14,10,19,6.24544410e-02
15,10,19,2.89234010e+02
16,10,19,1.60867571e-01
17,10,19,1.01224167e+01
18,10,19,1.16030688e+01
19,10,19,2.69116704e-01
20,10,19,2.39763794e+00
21,10,19,4.00193867e+02
22,10,19,0.00000000e+00
23,10,19,1.56048555e+02
24,10,19,2.00000000e+02
25,10,19,2.00000000e+02
26,10,19,2.00017385e+02
27,10,19,3.00000000e+02
28,10,19,3.00000000e+02
1,10,20,0.00000000e+00
2,10,20,0.00000000e+00
3,10,20,0.00000000e+00
4,10,20,0.00000000e+00
5,10,20,0.00000000e+00
6,10,20,0.00000000e+00
7,10,20,1.78063713e-06
8,10,20,2.04462667e+01
9,10,20,6.34570343e-01
10,10,20,0.00000000e+00
11,10,20,0.00000000e+00
12,10,20,1.98991811e+00
13,10,20,3.32103471e+00
14,10,20,0.00000000e+00
15,10,20,1.29733904e+02
16,10,20,1.92722697e-01
17,10,20,1.01224167e+01
18,10,20,1.34928595e+01
19,10,20,1.24061614e-01
20,10,20,1.90394829e+00
21,10,20,4.00193867e+02
22,10,20,8.29077680e+00
23,10,20,2.66950456e+02
24,10,20,2.06670691e+02
25,10,20,2.00000000e+02
26,10,20,1.01991578e+02
27,10,20,3.00000000e+02
28,10,20,3.00000000e+02
1,10,21,0.00000000e+00
2,10,21,0.00000000e+00
3,10,21,0.00000000e+00
4,10,21,0.00000000e+00
5,10,21,0.00000000e+00
6,10,21,0.00000000e+00
7,10,21,3.20355070e-06
8,10,21,2.04300678e+01
9,10,21,0.00000000e+00
10,10,21,0.00000000e+00
11,10,21,0.00000000e+00
12,10,21,1.99685650e+00
13,10,21,9.97327721e-01
14,10,21,1.24908882e-01
15,10,21,2.45058697e+02
16,10,21,5.16756983e-01
17,10,21,1.01224167e+01
18,10,21,1.27762309e+01
19,10,21,2.07908525e-01
20,10,21,1.57850989e+00
21,10,21,4.00193867e+02
22,10,21,0.00000000e+00
23,10,21,2.80659831e+02
24,10,21,2.00000000e+02
25,10,21,2.00000000e+02
26,10,21,1.02025444e+02
27,10,21,3.00000000e+02
28,10,21,1.00000000e+02
1,10,22,0.00000000e+00
2,10,22,0.00000000e+00
3,10,22,0.00000000e+00
4,10,22,0.00000000e+00
5,10,22,0.00000000e+00
6,10,22,9.81242274e+00
7,10,22,3.55328453e-07
8,10,22,2.02358894e+01
9,10,22,2.84393835e+00
10,10,22,0.00000000e+00
11,10,22,0.00000000e+00
12,10,22,1.04301743e-02
13,10,22,2.50833298e+00
14,10,22,0.00000000e+00
15,10,22,4.77363733e+02
16,10,22,3.73566261e-02
17,10,22,1.01224167e+01
18,10,22,1.24568684e+01
19,10,22,2.42685464e-01
20,10,22,1.78170435e+00
21,10,22,4.00193867e+02
22,10,22,1.16737877e+01
23,10,22,3.19522556e+02
24,10,22,2.00000000e+02
25,10,22,2.00000000e+02
26,10,22,1.01995030e+02
27,10,22,3.00000000e+02
28,10,22,3.00000000e+02
1,10,23,0.00000000e+00
2,10,23,0.00000000e+00
3,10,23,0.00000000e+00
4,10,23,0.00000000e+00
5,10,23,0.00000000e+00
6,10,23,0.00000000e+00
7,10,23,0.00000000e+00
8,10,23,2.01791903e+01
9,10,23,0.00000000e+00
10,10,23,0.00000000e+00
11,10,23,0.00000000e+00
12,10,23,1.99091429e+00
13,10,23,1.56265912e-03
14,10,23,1.24908882e-01
15,10,23,2.84519041e+02
16,10,23,1.98293721e-02
17,10,23,1.01224167e+01
18,10,23,1.16131610e+01
19,10,23,2.49817057e-01
20,10,23,1.89245816e+00
21,10,23,4.00193867e+02
22,10,23,0.00000000e+00
23,10,23,3.68237566e+02
24,10,23,2.07330055e+02
25,10,23,2.00000000e+02
26,10,23,1.02987142e+02
27,10,23,3.00000000e+02
28,10,23,3.00000000e+02
1,10,24,0.00000000e+00
2,10,24,0.00000000e+00
3,10,24,7.13568292e-02
4,10,24,0.00000000e+00
5,10,24,0.00000000e+00
6,10,24,9.81242274e+00
7,10,24,1.65650067e-05
8,10,24,2.03263460e+01
9,10,24,1.55296173e+00
10,10,24,0.00000000e+00
11,10,24,0.00000000e+00
12,10,24,1.99725883e+00
13,10,24,4.09630548e+00
14,10,24,6.24544410e-02
15,10,24,5.26266301e+01
16,10,24,1.71970265e-01
17,10,24,1.01224167e+01
18,10,24,1.26696216e+01
19,10,24,1.74839609e-01
20,10,24,2.03466474e+00
21,10,24,4.00193867e+02
22,10,24,8.84176573e+00
23,10,24,3.52392707e+02
24,10,24,2.00000000e+02
25,10,24,2.00000000e+02
26,10,24,2.00017385e+02
27,10,24,3.00000000e+02
28,10,24,1.00000000e+02
1,10,25,0.00000000e+00
2,10,25,0.00000000e+00
3,10,25,0.00000000e+00
4,10,25,0.00000000e+00
5,10,25,0.00000000e+00
6,10,25,9.81242274e+00
7,10,25,0.00000000e+00
8,10,25,2.00071108e+01
9,10,25,2.01003193e-05
10,10,25,0.00000000e+00
11,10,25,0.00000000e+00
12,10,25,1.99205282e+00
13,10,25,1.99347164e+00
14,10,25,0.00000000e+00
15,10,25,6.01750674e+02
16,10,25,1.26442902e-01
17,10,25,1.01224167e+01
18,10,25,1.17588889e+01
19,10,25,2.19863239e-01
20,10,25,2.34989768e+00
21,10,25,4.00193867e+02
22,10,25,5.01559266e+00
23,10,25,3.06640315e+02
24,10,25,2.06573334e+02
25,10,25,2.00000000e+02
26,10,25,2.00017385e+02
27,10,25,3.00000000e+02
28,10,25,3.00000000e+02
1,10,26,0.00000000e+00
2,10,26,0.00000000e+00
3,10,26,0.00000000e+00
4,10,26,0.00000000e+00
5,10,26,0.00000000e+00
6,10,26,0.00000000e+00
7,10,26,8.27158868e-06
8,10,26,2.01147468e+01
9,10,26,1.98176861e+00
10,10,26,1.47724077e-02
11,10,26,0.00000000e+00
12,10,26,1.99136202e+00
13,10,26,1.99988068e+00
14,10,26,6.24544410e-02
15,10,26,2.94215058e+02
16,10,26,1.05224523e-01
17,10,26,1.01224167e+01
18,10,26,1.24584219e+01
19,10,26,2.63997935e-01
20,10,26,2.08058757e+00
21,10,26,4.00193867e+02
22,10,26,5.01559266e+00
23,10,26,3.61870259e+02
24,10,26,2.00000000e+02
25,10,26,2.00000050e+02
26,10,26,2.00017385e+02
27,10,26,3.00000000e+02
28,10,26,3.00000000e+02
1,10,27,0.00000000e+00
2,10,27,0.00000000e+00
3,10,27,0.00000000e+00
4,10,27,0.00000000e+00
5,10,27,0.00000000e+00
6,10,27,0.00000000e+00
7,10,27,3.61962129e-07
8,10,27,2.01456630e+01
9,10,27,4.43081118e+00
10,10,27,0.00000000e+00
11,10,27,0.00000000e+00
12,10,27,4.97479529e+00
13,10,27,2.51992449e+00
14,10,27,0.00000000e+00
15,10,27,3.10048982e+02
16,10,27,2.99092114e-01
17,10,27,1.01224167e+01
18,10,27,1.69024824e+01
19,10,27,2.68893611e-01
20,10,27,1.59184827e+00
21,10,27,4.00193867e+02
22,10,27,5.01559266e+00
23,10,27,5.23026509e+02
24,10,27,2.00000020e+02
25,10,27,2.04540090e+02
26,10,27,1.02042430e+02
27,10,27,3.00000000e+02
28,10,27,3.00000000e+02
1,10,28,0.00000000e+00
2,10,28,0.00000000e+00
3,10,28,0.00000000e+00
4,10,28,0.00000000e+00
5,10,28,0.00000000e+00
6,10,28,0.00000000e+00
7,10,28,2.04774553e-08
8,10,28,2.00001229e+01
9,10,28,1.50000000e+00
10,10,28,1.47724077e-02
11,10,28,0.00000000e+00
12,10,28,2.98487717e+00
13,10,28,9.94959057e-01
14,10,28,0.00000000e+00
15,10,28,1.89133537e+02
16,10,28,2.36852943e-01
17,10,28,1.01224167e+01
18,10,28,1.34233609e+01
19,10,28,2.50788935e-01
20,10,28,1.68495398e+00
21,10,28,4.00193867e+02
22,10,28,1.10222757e+01
23,10,28,1.52932208e+02
24,10,28,2.06708009e+02
25,10,28,2.00000058e+02
26,10,28,1.04974825e+02
27,10,28,3.00000000e+02
28,10,28,3.00000000e+02
1,10,29,0.00000000e+00
2,10,29,0.00000000e+00
3,10,29,7.13568292e-02
4,10,29,0.00000000e+00
5,10,29,0.00000000e+00
6,10,29,0.00000000e+00
7,10,29,2.87013987e-06
8,10,29,2.00409742e+01
9,10,29,3.98541602e+00
10,10,29,0.00000000e+00
11,10,29,0.00000000e+00
12,10,29,2.99665820e+00
13,10,29,3.98134633e+00
14,10,29,0.00000000e+00
15,10,29,2.56912667e+02
16,10,29,5.17879401e-02
17,10,29,1.01224167e+01
18,10,29,1.62909542e+01
19,10,29,2.46139147e-01
20,10,29,1.92393362e+00
21,10,29,4.00193867e+02
22,10,29,5.01559266e+00
23,10,29,1.53468772e+02
24,10,29,2.00000000e+02
25,10,29,2.00000000e+02
26,10,29,1.02988786e+02
27,10,29,3.00000000e+02
28,10,29,3.00000000e+02
1,10,30,0.00000000e+00
2,10,30,0.00000000e+00
3,10,30,0.00000000e+00
4,10,30,0.00000000e+00
5,10,30,0.00000000e+00
6,10,30,0.00000000e+00
7,10,30,2.59527632e-08
8,10,30,2.00036704e+01
9,10,30,1.91694091e+00
10,10,30,0.00000000e+00
11,10,30,0.00000000e+00
12,10,30,2.00092328e+00
13,10,30,1.99310991e+00
14,10,30,0.00000000e+00
15,10,30,3.92770527e+02
16,10,30,6.68061837e-02
17,10,30,1.01224167e+01
18,10,30,1.43282910e+01
19,10,30,2.57418736e-01
20,10,30,1.55076236e+00
21,10,30,4.00193867e+02
22,10,30,5.01559266e+00
23,10,30,1.82492305e+02
24,10,30,2.00000000e+02
25,10,30,2.00000000e+02
26,10,30,2.00017385e+02
27,10,30,3.00000000e+02
28,10,30,3.00000000e+02
1,10,31,0.00000000e+00
2,10,31,0.00000000e+00
3,10,31,0.00000000e+00
4,10,31,0.00000000e+00
5,10,31,0.00000000e+00
6,10,31,0.00000000e+00
7,10,31,5.80941498e-06
8,10,31,2.00324452e+01
9,10,31,4.19489483e+00
10,10,31,0.00000000e+00
11,10,31,0.00000000e+00
12,10,31,1.00149061e+00
13,10,31,9.99057179e-01
14,10,31,6.24544410e-02
15,10,31,4.26651738e+02
16,10,31,3.15203645e-01
17,10,31,1.01224167e+01
18,10,31,1.37429829e+01
19,10,31,1.62511158e-01
20,10,31,1.96211232e+00
21,10,31,4.00193867e+02
22,10,31,0.00000000e+00
23,10,31,3.02013905e+02
24,10,31,2.00000000e+02
25,10,31,2.00000000e+02
26,10,31,2.00017385e+02
27,10,31,3.00000000e+02
28,10,31,3.00000000e+02
1,10,32,0.00000000e+00
2,10,32,0.00000000e+00
3,10,32,0.00000000e+00
4,10,32,0.00000000e+00
5,10,32,0.00000000e+00
6,10,32,9.81242274e+00
7,10,32,4.99164319e-05
8,10,32,2.03992661e+01
9,10,32,0.00000000e+00
10,10,32,7.39604033e-03
11,10,32,0.00000000e+00
12,10,32,2.06490668e+00
13,10,32,2.00591317e+00
14,10,32,6.24544410e-02
15,10,32,3.77152904e+02
16,10,32,4.47404495e-02
17,10,32,1.01224167e+01
18,10,32,1.51979128e+01
19,10,32,2.35450842e-01
20,10,32,2.81168459e+00
21,10,32,4.00193867e+02
22,10,32,8.84176573e+00
23,10,32,3.08230824e+02
24,10,32,2.06625853e+02
25,10,32,2.00000000e+02
26,10,32,1.02984880e+02
27,10,32,3.00000000e+02
28,10,32,3.00000000e+02
1,10,33,0.00000000e+00
2,10,33,0.00000000e+00
3,10,33,1.22659919e-07
4,10,33,0.00000000e+00
5,10,33,0.00000000e+00
6,10,33,9.81242274e+00
7,10,33,8.27648293e-06
8,10,33,2.02493695e+01
9,10,33,3.38811025e+00
10,10,33,7.39604033e-03
11,10,33,0.00000000e+00
12,10,33,2.99217349e+00
13,10,33,4.41005886e+00
14,10,33,0.00000000e+00
15,10,33,1.79328844e+02
16,10,33,3.18532986e-01
17,10,33,1.01224167e+01
18,10,33,1.50036292e+01
19,10,33,2.45222690e-01
20,10,33,2.06994718e+00
21,10,33,4.00193867e+02
22,10,33,1.10222757e+01
23,10,33,2.94075946e+02
24,10,33,2.06670691e+02
25,10,33,2.00000000e+02
26,10,33,1.02987894e+02
27,10,33,3.00000000e+02
28,10,33,3.00000000e+02
1,10,34,0.00000000e+00
2,10,34,0.00000000e+00
3,10,34,0.00000000e+00
4,10,34,0.00000000e+00
5,10,34,0.00000000e+00
6,10,34,9.81242274e+00
7,10,34,1.21760394e-05
8,10,34,2.02870274e+01
9,10,34,2.62473513e-01
10,10,34,7.39604033e-03
11,10,34,0.00000000e+00
12,10,34,2.98487717e+00
13,10,34,1.98991811e+00
14,10,34,6.24544410e-02
15,10,34,4.34035045e+01
16,10,34,3.09763083e-02
17,10,34,1.01224167e+01
18,10,34,1.25771529e+01
19,10,34,2.10198514e-01
20,10,34,1.98888600e+00
21,10,34,4.00193867e+02
22,10,34,0.00000000e+00
23,10,34,3.14909560e+02
24,10,34,2.00000000e+02
25,10,34,2.00000000e+02
26,10,34,1.04974798e+02
27,10,34,3.00000000e+02
28,10,34,3.00000000e+02
1,10,35,0.00000000e+00
2,10,35,0.00000000e+00
3,10,35,0.00000000e+00
4,10,35,0.00000000e+00
5,10,35,0.00000000e+00
6,10,35,9.81242274e+00
7,10,35,0.00000000e+00
8,10,35,2.00000000e+01
9,10,35,1.50000351e+00
10,10,35,0.00000000e+00
11,10,35,0.00000000e+00
12,10,35,2.98487717e+00
13,10,35,1.00116377e+00
14,10,35,0.00000000e+00
15,10,35,2.48255510e+02
16,10,35,7.82720141e-02
17,10,35,1.01224167e+01
18,10,35,1.24837522e+01
19,10,35,2.10407708e-01
20,10,35,1.93949461e+00
21,10,35,4.00193867e+02
22,10,35,1.03113850e+01
23,10,35,1.80614991e+02
24,10,35,2.06877422e+02
25,10,35,2.00000000e+02
26,10,35,1.00995674e+02
27,10,35,3.00000000e+02
28,10,35,3.00000000e+02
1,10,36,0.00000000e+00
2,10,36,0.00000000e+00
3,10,36,0.00000000e+00
4,10,36,0.00000000e+00
5,10,36,0.00000000e+00
6,10,36,0.00000000e+00
7,10,36,0.00000000e+00
8,10,36,2.01852330e+01
9,10,36,1.82916859e+00
10,10,36,1.96973560e-02
11,10,36,0.00000000e+00
12,10,36,3.00324358e+00
13,10,36,0.00000000e+00
14,10,36,6.24544410e-02
15,10,36,2.73629185e+02
16,10,36,3.93059240e-01
17,10,36,1.01224167e+01
18,10,36,1.48597377e+01
19,10,36,2.23897668e-01
20,10,36,1.78115757e+00
21,10,36,4.00193867e+02
22,10,36,1.16737877e+01
23,10,36,3.72674207e+02
24,10,36,2.00000000e+02
25,10,36,2.04540090e+02
26,10,36,1.01993214e+02
27,10,36,3.00000000e+02
28,10,36,3.00000000e+02
1,10,37,0.00000000e+00
2,10,37,0.00000000e+00
3,10,37,0.00000000e+00
4,10,37,0.00000000e+00
5,10,37,0.00000000e+00
6,10,37,9.81242274e+00
7,10,37,0.00000000e+00
8,10,37,2.02810540e+01
9,10,37,4.70626869e+00
10,10,37,0.00000000e+00
11,10,37,0.00000000e+00
12,10,37,1.99449924e+00
13,10,37,2.99006523e+00
14,10,37,0.00000000e+00
15,10,37,6.06563219e+02
16,10,37,0.00000000e+00
17,10,37,1.01224167e+01
18,10,37,1.58491742e+01
19,10,37,2.47193416e-01
20,10,37,1.90146995e+00
21,10,37,4.00193867e+02
22,10,37,6.72547410e+00
23,10,37,4.02664424e+02
24,10,37,2.00000000e+02
25,10,37,2.04540090e+02
26,10,37,1.01997881e+02
27,10,37,3.00000000e+02
28,10,37,3.00000000e+02
1,10,38,0.00000000e+00
2,10,38,0.00000000e+00
3,10,38,1.22659919e-07
4,10,38,0.00000000e+00
5,10,38,0.00000000e+00
6,10,38,0.00000000e+00
7,10,38,5.79718623e-06
8,10,38,2.00016695e+01
9,10,38,5.24593711e-05
10,10,38,0.00000000e+00
11,10,38,0.00000000e+00
12,10,38,2.98487717e+00
13,10,38,9.99519078e-01
14,10,38,0.00000000e+00
15,10,38,4.26503489e+02
16,10,38,5.73370411e-01
17,10,38,1.01224167e+01
18,10,38,1.38957338e+01
19,10,38,2.52335284e-01
20,10,38,1.94249764e+00
21,10,38,4.00193867e+02
22,10,38,1.10222757e+01
23,10,38,4.02327303e+02
24,10,38,2.00000000e+02
25,10,38,2.00000000e+02
26,10,38,1.02989478e+02
27,10,38,3.00000000e+02
28,10,38,3.00000000e+02
1,10,39,0.00000000e+00
2,10,39,0.00000000e+00
3,10,39,0.00000000e+00
4,10,39,0.00000000e+00
5,10,39,0.00000000e+00
6,10,39,0.00000000e+00
7,10,39,3.55926849e-07
8,10,39,2.02268194e+01
9,10,39,1.89088280e+00
10,10,39,0.00000000e+00
11,10,39,0.00000000e+00
12,10,39,2.98487717e+00
13,10,39,1.00142077e+00
14,10,39,0.00000000e+00
15,10,39,3.50715591e+02
16,10,39,3.01836131e-01
17,10,39,1.01224167e+01
18,10,39,1.38172822e+01
19,10,39,2.21489693e-01
20,10,39,1.96332002e+00
21,10,39,4.00193867e+02
22,10,39,0.00000000e+00
23,10,39,4.02446831e+02
24,10,39,2.06294275e+02
25,10,39,2.00000000e+02
26,10,39,2.00017385e+02
27,10,39,3.00000000e+02
28,10,39,3.00000000e+02
1,10,40,0.00000000e+00
2,10,40,0.00000000e+00
3,10,40,0.00000000e+00
4,10,40,0.00000000e+00
5,10,40,0.00000000e+00
6,10,40,0.00000000e+00
7,10,40,2.86653856e-06
8,10,40,2.00000135e+01
9,10,40,3.24333158e+00
10,10,40,0.00000000e+00
11,10,40,0.00000000e+00
12,10,40,1.99472946e+00
13,10,40,4.93306695e+00
14,10,40,0.00000000e+00
15,10,40,5.04151068e+02
16,10,40,1.11402507e-01
17,10,40,1.01224167e+01
18,10,40,1.33896012e+01
19,10,40,2.27312699e-01
20,10,40,2.37662060e+00
21,10,40,4.00193867e+02
22,10,40,5.01559266e+00
23,10,40,3.69765939e+02
24,10,40,2.00000000e+02
25,10,40,2.04540090e+02
26,10,40,1.14924372e+02
27,10,40,3.00000000e+02
28,10,40,3.00000000e+02
1,10,41,0.00000000e+00
2,10,41,0.00000000e+00
3,10,41,0.00000000e+00
4,10,41,0.00000000e+00
5,10,41,0.00000000e+00
6,10,41,9.81242274e+00
7,10,41,0.00000000e+00
8,10,41,2.00000000e+01
9,10,41,2.45965095e+00
10,10,41,0.00000000e+00
11,10,41,0.00000000e+00
12,10,41,2.98650952e+00
13,10,41,2.00863754e+00
14,10,41,0.00000000e+00
15,10,41,1.68757070e+02
16,10,41,3.68580887e-01
17,10,41,1.01224167e+01
18,10,41,1.26943119e+01
19,10,41,2.83668261e-01
20,10,41,2.52141700e+00
21,10,41,4.00193867e+02
22,10,41,5.01559266e+00
23,10,41,2.52798156e+02
24,10,41,2.00000000e+02
25,10,41,2.00000000e+02
26,10,41,2.00017385e+02
27,10,41,3.00000000e+02
28,10,41,3.00000000e+02
1,10,42,0.00000000e+00
2,10,42,0.00000000e+00
3,10,42,0.00000000e+00
4,10,42,0.00000000e+00
5,10,42,0.00000000e+00
6,10,42,0.00000000e+00
7,10,42,1.65165779e-06
8,10,42,2.00000000e+01
9,10,42,2.90311462e+00
10,10,42,1.06906395e-07
11,10,42,0.00000000e+00
12,10,42,4.99580819e+00
13,10,42,8.43559397e+00
14,10,42,1.24908882e-01
15,10,42,4.21380050e+02
16,10,42,0.00000000e+00
17,10,42,1.01224167e+01
18,10,42,1.36131152e+01
19,10,42,2.31273639e-01
20,10,42,1.93120547e+00
21,10,42,4.00193867e+02
22,10,42,0.00000000e+00
23,10,42,3.03175019e+01
24,10,42,2.00000000e+02
25,10,42,2.00000000e+02
26,10,42,1.03079287e+02
27,10,42,3.00000000e+02
28,10,42,3.00000000e+02
1,10,43,0.00000000e+00
2,10,43,0.00000000e+00
3,10,43,0.00000000e+00
4,10,43,0.00000000e+00
5,10,43,0.00000000e+00
6,10,43,0.00000000e+00
7,10,43,8.43037176e-07
8,10,43,2.00000000e+01
9,10,43,9.83955557e-01
10,10,43,0.00000000e+00
11,10,43,0.00000000e+00
12,10,43,3.97983623e+00
13,10,43,9.94959057e-01
14,10,43,0.00000000e+00
15,10,43,4.81454304e+02
16,10,43,2.40620111e-01
17,10,43,1.01224167e+01
18,10,43,1.26131322e+01
19,10,43,1.87781729e-01
20,10,43,1.88281874e+00
21,10,43,4.00193867e+02
22,10,43,0.00000000e+00
23,10,43,5.24794006e+02
24,10,43,2.00000000e+02
25,10,43,2.00000000e+02
26,10,43,2.00017385e+02
27,10,43,3.00000000e+02
28,10,43,3.00000000e+02
1,10,44,0.00000000e+00
2,10,44,0.00000000e+00
3,10,44,0.00000000e+00
4,10,44,0.00000000e+00
5,10,44,0.00000000e+00
6,10,44,0.00000000e+00
7,10,44,0.00000000e+00
8,10,44,2.04835250e+01
9,10,44,4.27745509e+00
10,10,44,7.39604033e-03
11,10,44,0.00000000e+00
12,10,44,4.97479529e+00
13,10,44,2.03290887e+00
14,10,44,6.24544410e-02
15,10,44,4.36094094e+02
16,10,44,0.00000000e+00
17,10,44,1.01224167e+01
18,10,44,1.54837204e+01
19,10,44,2.38593121e-01
20,10,44,1.50697545e+00
21,10,44,4.00193867e+02
22,10,44,8.84176573e+00
23,10,44,1.00961927e+02
24,10,44,2.06708009e+02
25,10,44,2.00000000e+02
26,10,44,1.03979838e+02
27,10,44,3.00000000e+02
28,10,44,3.00000000e+02
1,10,45,0.00000000e+00
2,10,45,0.00000000e+00
3,10,45,0.00000000e+00
4,10,45,0.00000000e+00
5,10,45,0.00000000e+00
6,10,45,9.81242274e+00
7,10,45,9.77815725e-05
8,10,45,2.00318991e+01
9,10,45,3.29873200e+00
10,10,45,0.00000000e+00
11,10,45,0.00000000e+00
12,10,45,3.99010898e+00
13,10,45,1.99359476e+00
14,10,45,1.24908882e-01
15,10,45,5.02836859e+02
16,10,45,2.88326986e-01
17,10,45,1.01224167e+01
18,10,45,1.40958438e+01
19,10,45,2.18046477e-01
20,10,45,1.89309045e+00
21,10,45,4.00193867e+02
22,10,45,0.00000000e+00
23,10,45,3.23990017e+02
24,10,45,2.00000000e+02
25,10,45,2.00000000e+02
26,10,45,1.04975455e+02
27,10,45,3.00000000e+02
28,10,45,3.00000000e+02
1,10,46,0.00000000e+00
2,10,46,0.00000000e+00
3,10,46,0.00000000e+00
4,10,46,0.00000000e+00
5,10,46,0.00000000e+00
6,10,46,9.81242274e+00
7,10,46,2.97590469e-05
8,10,46,2.00000237e+01
9,10,46,4.38480866e+00
10,10,46,0.00000000e+00
11,10,46,0.00000000e+00
12,10,46,1.99720309e+00
13,10,46,2.99061482e+00
14,10,46,0.00000000e+00
15,10,46,2.74617233e+02
16,10,46,2.71704084e-01
17,10,46,1.01224167e+01
18,10,46,1.40458638e+01
19,10,46,2.09676868e-01
20,10,46,1.89431657e+00
21,10,46,4.00193867e+02
22,10,46,5.01559266e+00
23,10,46,4.10379351e+02
24,10,46,2.00000000e+02
25,10,46,2.00000000e+02
26,10,46,1.03981290e+02
27,10,46,3.00000000e+02
28,10,46,3.00000000e+02
1,10,47,0.00000000e+00
2,10,47,0.00000000e+00
3,10,47,0.00000000e+00
4,10,47,0.00000000e+00
5,10,47,0.00000000e+00
6,10,47,9.81242274e+00
7,10,47,0.00000000e+00
8,10,47,2.03353634e+01
9,10,47,2.96430208e+00
10,10,47,0.00000000e+00
11,10,47,0.00000000e+00
12,10,47,1.99085975e+00
13,10,47,9.98091367e-01
14,10,47,6.24544410e-02
15,10,47,1.69017470e+02
16,10,47,3.48120345e-01
17,10,47,1.01224167e+01
18,10,47,1.20009300e+01
19,10,47,1.54477714e-01
20,10,47,2.37201986e+00
21,10,47,4.00193867e+02
22,10,47,6.46185183e+00
23,10,47,1.68930923e+02
24,10,47,2.00000000e+02
25,10,47,2.00000000e+02
26,10,47,1.02989256e+02
27,10,47,3.00000000e+02
28,10,47,3.00000000e+02
1,10,48,0.00000000e+00
2,10,48,0.00000000e+00
3,10,48,0.00000000e+00
4,10,48,0.00000000e+00
5,10,48,0.00000000e+00
6,10,48,9.81242274e+00
7,10,48,0.00000000e+00
8,10,48,2.02703312e+01
9,10,48,9.83955557e-01
10,10,48,9.85728461e-03
11,10,48,0.00000000e+00
12,10,48,1.99236063e+00
13,10,48,1.99425440e+00
14,10,48,0.00000000e+00
15,10,48,1.18889292e+02
16,10,48,3.38918022e-01
17,10,48,1.01224167e+01
18,10,48,1.33296426e+01
19,10,48,1.77271368e-01
20,10,48,1.66647507e+00
21,10,48,4.00193867e+02
22,10,48,5.01559266e+00
23,10,48,2.38119566e+02
24,10,48,2.00000000e+02
25,10,48,2.04540090e+02
26,10,48,2.00017385e+02
27,10,48,3.00000000e+02
28,10,48,3.00000000e+02
1,10,49,0.00000000e+00
2,10,49,0.00000000e+00
3,10,49,0.00000000e+00
4,10,49,0.00000000e+00
5,10,49,0.00000000e+00
6,10,49,0.00000000e+00
7,10,49,1.48673693e-06
8,10,49,2.02973092e+01
9,10,49,9.83955557e-01
10,10,49,0.00000000e+00
11,10,49,0.00000000e+00
12,10,49,1.98991811e+00
13,10,49,2.01673183e+00
14,10,49,0.00000000e+00
15,10,49,7.95254217e+01
16,10,49,7.20569780e-02
17,10,49,1.01224167e+01
18,10,49,1.29098605e+01
19,10,49,2.62776710e-01
20,10,49,1.78004751e+00
21,10,49,4.00193867e+02
22,10,49,0.00000000e+00
23,10,49,2.33801201e+02
24,10,49,2.00000000e+02
25,10,49,2.04540090e+02
26,10,49,1.02993181e+02
27,10,49,3.00000000e+02
28,10,49,3.00000000e+02
1,10,50,0.00000000e+00
2,10,50,0.00000000e+00
3,10,50,0.00000000e+00
4,10,50,0.00000000e+00
5,10,50,0.00000000e+00
6,10,50,9.81242274e+00
7,10,50,3.20460431e-08
8,10,50,2.00132037e+01
9,10,50,2.60044268e+00
10,10,50,0.00000000e+00
11,10,50,0.00000000e+00
12,10,50,1.02468408e+00
13,10,50,1.00036441e+00
14,10,50,0.00000000e+00
15,10,50,2.42676602e+02
16,10,50,1.22083744e-01
17,10,50,1.01224167e+01
18,10,50,1.48651327e+01
19,10,50,2.64677543e-01
20,10,50,1.69390961e+00
21,10,50,4.00193867e+02
22,10,50,8.84176573e+00
23,10,50,2.78920631e+02
24,10,50,2.06708009e+02
25,10,50,2.00000000e+02
26,10,50,1.01993447e+02
27,10,50,3.00000000e+02
28,10,50,3.00000000e+02
1,10,51,0.00000000e+00
2,10,51,0.00000000e+00
3,10,51,0.00000000e+00
4,10,51,0.00000000e+00
5,10,51,0.00000000e+00
6,10,51,9.81242274e+00
7,10,51,3.55470391e-07
8,10,51,2.00000000e+01
9,10,51,9.83955557e-01
10,10,51,3.19716899e-02
11,10,51,0.00000000e+00
12,10,51,2.99281302e+00
13,10,51,1.01181951e+00
14,10,51,6.24544410e-02
15,10,51,3.57471685e+02
16,10,51,1.55760721e-01
17,10,51,1.01224167e+01
18,10,51,1.36347114e+01
19,10,51,2.44754353e-01
20,10,51,1.73771652e+00
21,10,51,4.00193867e+02
22,10,51,8.84176573e+00
23,10,51,1.22882756e+02
24,10,51,2.00000000e+02
25,10,51,2.00000000e+02
26,10,51,1.27858762e+02
27,10,51,3.00000000e+02
28,10,51,3.00000000e+02
